City_ID,City,Country,Lat,Lng,Max Temp,Humidity,Cloudiness,Wind Speed,Description
0,Lebu,CL,-37.6167,-73.65,52.57,78,0,17.31,clear sky
1,Ust-Omchug,RU,61.15,149.6333,-16.2,79,100,0.43,overcast clouds
2,Port Elizabeth,ZA,-33.918,25.5701,62.89,72,0,6.91,clear sky
3,Bubaque,GW,11.2833,-15.8333,82.71,70,71,12.8,broken clouds
4,Atuona,PF,-9.8,-139.0333,78.53,72,99,19.39,overcast clouds
5,Hithadhoo,MV,-0.6,73.0833,81.68,71,97,17.2,overcast clouds
6,South Venice,US,27.0531,-82.4243,62.62,59,1,5.75,clear sky
7,Mataura,NZ,-46.1927,168.8643,68.74,29,0,2.21,clear sky
8,De-Kastri,RU,51.4667,140.7833,21.11,80,100,5.53,overcast clouds
9,Alofi,NU,-19.0595,-169.9187,78.69,94,96,4.61,light rain
10,Kapaa,US,22.0752,-159.319,76.15,70,1,10.6,clear sky
11,Mar Del Plata,AR,-38.0023,-57.5575,62.62,88,0,16.11,light rain
12,Hilo,US,19.7297,-155.09,75.02,79,41,3.56,scattered clouds
13,Puerto Madryn,AR,-42.7692,-65.0385,58.8,70,0,11.52,clear sky
14,Asau,RO,46.4333,26.4,32.92,77,10,3.94,clear sky
15,Ushuaia,AR,-54.8,-68.3,51.46,43,20,10.36,light rain
16,Albany,US,42.6001,-73.9662,25.41,66,5,8.95,clear sky
17,Myski,RU,53.709,87.8014,25.09,72,100,14.61,overcast clouds
18,Sitka,US,57.0531,-135.33,35.49,87,90,5.75,light rain
19,Esperance,AU,-33.8667,121.9,73.24,43,0,9.78,clear sky
20,Binga,ZW,-17.6203,27.3414,74.48,63,2,7.76,clear sky
21,Saint-Augustin,CA,51.226,-58.6502,43.59,80,17,14.99,few clouds
22,Georgetown,MY,5.4112,100.3354,80.53,89,20,0.0,few clouds
23,Bluff,NZ,-46.6,168.3333,54.39,55,1,5.68,clear sky
24,Port Alfred,ZA,-33.5906,26.891,66.07,71,96,9.82,overcast clouds
25,Berlevag,NO,70.8578,29.0864,19.45,86,46,15.26,scattered clouds
26,Rikitea,PF,-23.1203,-134.9692,76.6,73,24,15.68,few clouds
27,Butaritari,KI,3.0707,172.7902,82.29,72,50,18.41,scattered clouds
28,Kamenka,RU,51.3223,42.7678,36.75,95,100,14.92,overcast clouds
29,Saskylakh,RU,71.9167,114.0833,-3.87,93,98,10.27,overcast clouds
30,Lata,PT,40.1629,-8.3327,43.21,76,23,3.83,few clouds
31,Saquena,PE,-4.6667,-73.5167,77.43,86,100,1.43,overcast clouds
32,Aripuana,BR,-9.1667,-60.6333,72.91,98,40,1.99,scattered clouds
33,Tigil,RU,57.8,158.6667,-1.26,96,80,3.76,broken clouds
34,Punta Arenas,CL,-53.15,-70.9167,53.71,54,75,6.91,light intensity shower rain
35,Hobart,AU,-42.8794,147.3294,66.06,45,20,9.22,few clouds
36,Adrar,MR,20.5022,-10.0711,63.9,30,10,14.47,clear sky
37,Muswellbrook,AU,-32.2667,150.9,58.48,91,100,6.6,overcast clouds
38,Jamestown,US,42.097,-79.2353,27.99,97,100,7.4,light snow
39,Bredasdorp,ZA,-34.5322,20.0403,64.98,72,42,14.85,scattered clouds
40,Catamarca,AR,-28.4696,-65.7852,73.99,73,8,1.03,clear sky
41,Hermanus,ZA,-34.4187,19.2345,64.56,83,96,16.8,overcast clouds
42,Constitucion,CL,-35.3333,-72.4167,52.09,88,0,14.16,clear sky
43,Sao Jose Da Coroa Grande,BR,-8.8978,-35.1478,79.52,74,100,10.96,moderate rain
44,Tarazona,ES,41.9,-1.7333,37.99,84,99,12.95,overcast clouds
45,Mikhaylovka,RU,50.06,43.2379,37.11,96,88,12.33,overcast clouds
46,Provideniya,RU,64.3833,-173.3,-4.68,82,11,6.44,few clouds
47,Saint George,US,37.1041,-113.5841,59.47,24,0,2.71,clear sky
48,Vaini,TO,-21.2,-175.2,79.65,78,94,18.28,light rain
49,Cabo San Lucas,MX,22.8909,-109.9124,72.86,82,100,4.81,overcast clouds
50,Yar-Sale,RU,66.8333,70.8333,-0.27,96,92,10.51,overcast clouds
51,Vao,NC,-22.6667,167.4833,74.93,86,100,20.22,overcast clouds
52,Busselton,AU,-33.65,115.3333,79.86,43,25,4.76,scattered clouds
53,Temple,US,31.0982,-97.3428,51.91,95,100,6.33,overcast clouds
54,Iberia,US,29.9502,-91.7507,51.78,63,100,1.1,overcast clouds
55,Bandarbeyla,SO,9.4942,50.8122,78.1,80,81,14.94,broken clouds
56,Fortuna,US,40.5982,-124.1573,58.12,100,1,0.0,clear sky
57,Cidreira,BR,-30.1811,-50.2056,69.48,94,100,7.94,overcast clouds
58,Elban,RU,50.1018,136.5094,10.74,93,100,8.28,overcast clouds
59,Caravelas,BR,-17.7125,-39.2481,72.81,92,100,6.53,overcast clouds
60,Saldanha,ZA,-33.0117,17.9442,62.65,95,96,13.49,overcast clouds
61,Elizabeth City,US,36.2946,-76.2511,39.22,48,6,3.53,clear sky
62,Tura,IN,25.5198,90.2201,58.98,74,38,3.13,scattered clouds
63,Saint-Philippe,RE,-21.3585,55.7679,76.59,83,80,5.12,light rain
64,Olafsvik,IS,64.8945,-23.7142,38.66,91,100,7.02,overcast clouds
65,Nanortalik,GL,60.1432,-45.2371,42.93,97,100,16.35,light rain
66,Sabang,ID,5.8933,95.3214,79.18,85,100,17.74,moderate rain
67,Ridgetown,CA,42.4334,-81.8998,31.86,98,100,7.72,snow
68,La Rioja,ES,42.25,-2.5,28.18,96,100,12.28,snow
69,Port Lincoln,AU,-34.7333,135.8667,64.89,64,0,9.35,clear sky
70,Innisfail,AU,-17.5333,146.0333,84.42,69,32,6.64,scattered clouds
71,Lipari,IT,38.4674,14.954,61.47,60,89,11.97,overcast clouds
72,Avarua,CK,-21.2078,-159.775,73.45,100,75,2.3,heavy intensity rain
73,Yining,CN,29.0361,114.5636,53.53,66,7,0.94,clear sky
74,Xuddur,SO,4.1213,43.8894,71.28,92,12,10.11,few clouds
75,Codrington,AU,-38.2667,141.9667,65.59,52,0,9.73,clear sky
76,Korla,CN,41.7597,86.1469,27.72,94,96,4.65,overcast clouds
77,Dikson,RU,73.5069,80.5464,-12.93,97,100,9.01,overcast clouds
78,Nantucket,US,41.2835,-70.0995,32.34,62,5,24.54,clear sky
79,Laguna,US,38.421,-121.4238,66.29,63,40,1.34,scattered clouds
80,Carnarvon,AU,-24.8667,113.6333,89.35,31,0,11.23,clear sky
81,Rio Gallegos,AR,-51.6226,-69.2181,49.3,68,100,24.9,overcast clouds
82,Geraldton,AU,-28.7667,114.6,88.21,18,0,5.75,clear sky
83,Coxim,BR,-18.5067,-54.76,82.04,67,78,4.12,broken clouds
84,Altamira,BR,-3.2033,-52.2064,74.25,91,96,2.3,overcast clouds
85,Mbini,GQ,1.574,9.6134,78.62,85,100,6.46,overcast clouds
86,Bastia,FR,42.6667,9.3333,51.6,76,0,3.44,clear sky
87,Iqaluit,CA,63.7506,-68.5145,21.18,90,100,11.7,light snow
88,San-Pedro,CI,4.7485,-6.6363,78.46,86,8,5.79,clear sky
89,Pimenta Bueno,BR,-11.6725,-61.1936,74.66,95,95,2.55,overcast clouds
90,Malakal,SS,9.5334,31.6605,78.48,40,7,2.84,clear sky
91,Cape Town,ZA,-33.9258,18.4232,63.01,94,75,16.11,light rain
92,Thompson,CA,55.7435,-97.8558,16.14,82,34,12.1,scattered clouds
93,Port-Cartier,CA,50.0334,-66.8654,37.62,95,100,10.49,overcast clouds
94,Aykhal,RU,66.0,111.5,-9.81,95,100,12.15,overcast clouds
95,Hasaki,JP,35.7333,140.8333,48.6,47,1,14.32,clear sky
96,Chokurdakh,RU,70.6333,147.9167,-31.68,99,100,0.58,overcast clouds
97,Namibe,AO,-15.1961,12.1522,67.73,74,100,6.62,overcast clouds
98,Ponta Do Sol,PT,32.6667,-17.1,63.23,77,23,5.46,few clouds
99,Arraial Do Cabo,BR,-22.9661,-42.0278,71.87,92,91,9.71,overcast clouds
100,Paamiut,GL,61.994,-49.6678,37.49,99,100,12.24,light rain
101,Baculin,PH,7.4525,126.5842,82.2,80,72,5.5,broken clouds
102,Bengkulu,ID,-3.8004,102.2655,78.24,82,99,3.53,overcast clouds
103,Lorengau,PG,-2.0226,147.2712,85.33,66,100,4.03,overcast clouds
104,Mahebourg,MU,-20.4081,57.7,71.89,88,20,4.61,few clouds
105,Souillac,MU,-20.5167,57.5167,71.98,88,20,5.75,few clouds
106,Salalah,OM,17.0151,54.0924,74.86,36,7,4.34,clear sky
107,Zheleznodorozhnyy,RU,55.7503,38.0042,39.61,97,100,10.69,overcast clouds
108,Port Blair,IN,11.6667,92.75,81.86,74,26,13.98,scattered clouds
109,Barrow,US,71.2906,-156.7887,-11.18,70,40,0.0,haze
110,Plettenberg Bay,ZA,-34.0527,23.3716,62.62,71,36,4.43,scattered clouds
111,Riyadh,SA,24.6877,46.7219,62.87,37,0,7.31,clear sky
112,Cambuga,PH,13.6167,122.45,79.83,84,100,3.38,overcast clouds
113,Staryy Nadym,RU,65.6118,72.6842,-3.21,100,99,9.17,overcast clouds
114,Husavik,IS,66.0449,-17.3389,26.04,86,100,5.01,overcast clouds
115,Sao Filipe,CV,14.8961,-24.4956,77.16,73,9,12.77,clear sky
116,Nalut,LY,30.3333,10.85,68.58,33,100,17.11,overcast clouds
117,Dalbandin,PK,28.8947,64.4101,52.52,38,0,7.02,clear sky
118,Port Hardy,CA,50.6996,-127.4199,46.58,93,90,14.97,light intensity shower rain
119,Shingu,JP,33.7333,135.9833,51.93,49,0,2.17,clear sky
120,Ribeira Grande,PT,38.5167,-28.7,61.83,64,95,8.37,overcast clouds
121,Soyaux,FR,45.65,0.2,37.99,93,75,11.5,broken clouds
122,Los Llanos De Aridane,ES,28.6585,-17.9182,60.55,68,40,16.11,scattered clouds
123,New Norfolk,AU,-42.7826,147.0587,65.7,38,0,2.71,clear sky
124,Lompoc,US,34.6391,-120.4579,64.71,52,1,3.44,clear sky
125,Chapais,CA,49.7834,-74.8492,18.81,83,100,14.63,overcast clouds
126,Nikolskoye,RU,59.7035,30.7861,28.29,89,100,11.86,light snow
127,Abnub,EG,27.2696,31.1511,64.44,30,47,2.55,scattered clouds
128,Tasiilaq,GL,65.6145,-37.6368,23.31,90,100,10.71,light snow
129,Mandalgovi,MN,45.7625,106.2708,13.28,71,99,18.75,overcast clouds
130,Margate,GB,51.3813,1.3862,37.11,89,100,32.32,moderate rain
131,Tabat,ID,-2.635,115.2274,75.04,98,100,1.03,moderate rain
132,Dingle,PH,10.9995,122.6711,83.08,81,91,9.64,light rain
133,Pauini,BR,-7.7136,-66.9764,72.86,97,100,1.77,overcast clouds
134,Upata,VE,8.0086,-62.3989,71.85,95,100,3.89,overcast clouds
135,Lagos,NG,6.5833,3.75,80.92,91,95,2.64,overcast clouds
136,Karratha,AU,-20.7377,116.8463,93.88,18,0,25.77,clear sky
137,Tuktoyaktuk,CA,69.4541,-133.0374,-6.09,96,100,16.82,light snow
138,Aklavik,CA,68.2191,-135.0107,-11.2,83,100,17.43,overcast clouds
139,Zheleznogorsk,RU,52.331,35.3711,40.77,97,99,8.28,overcast clouds
140,Flinders,AU,-34.5833,150.8552,61.3,79,96,11.81,overcast clouds
141,Moroni,KM,-11.7022,43.2551,78.66,86,97,13.18,light rain
142,College,US,64.8569,-147.8028,-13.05,74,75,0.0,haze
143,Port Hedland,AU,-20.3167,118.5667,98.65,12,7,28.77,clear sky
144,Corinto,GR,37.9407,22.9573,55.51,85,5,7.27,clear sky
145,Kodiak,US,57.79,-152.4072,17.11,62,20,11.5,few clouds
146,Furukawa,JP,38.5717,140.9556,46.09,64,9,10.42,clear sky
147,Castro,BR,-24.7911,-50.0119,63.73,75,1,0.78,clear sky
148,Ongandjera,NA,-17.8833,15.0667,77.92,20,95,8.9,overcast clouds
149,Sinnamary,GF,5.3833,-52.95,78.08,88,96,9.08,overcast clouds
150,Marfino,RU,55.7028,37.3822,39.34,100,90,11.18,mist
151,Ossora,RU,59.2353,163.0719,25.83,96,100,6.96,snow
152,Pangnirtung,CA,66.1451,-65.7125,16.48,77,100,7.27,overcast clouds
153,Stephenville,US,32.2207,-98.2023,52.59,93,90,0.0,overcast clouds
154,Ponta Delgada,PT,37.7333,-25.6667,59.72,72,75,5.75,broken clouds
155,Rocha,UY,-34.4833,-54.3333,62.46,97,100,6.11,overcast clouds
156,Airai,TL,-8.9266,125.4092,73.33,61,100,0.96,overcast clouds
157,Deputatskiy,RU,69.3,139.9,-5.89,99,100,3.44,overcast clouds
158,Yellowknife,CA,62.456,-114.3525,-9.22,96,22,4.12,few clouds
159,Bambous Virieux,MU,-20.3428,57.7575,71.85,88,20,5.75,few clouds
160,Moyale,KE,3.5167,39.0584,66.11,85,77,5.48,light rain
161,Araceli,PH,10.5529,119.9913,81.99,82,99,13.09,overcast clouds
162,Torbay,CA,47.6666,-52.7314,50.77,93,90,11.5,light intensity shower rain
163,Oranjemund,NA,-28.55,16.4333,61.14,89,98,5.21,overcast clouds
164,Rundu,NA,-17.9333,19.7667,70.09,71,100,6.4,overcast clouds
165,Sur,OM,22.5667,59.5289,74.39,50,34,5.03,scattered clouds
166,Moranbah,AU,-22.0016,148.0466,87.28,47,1,4.36,clear sky
167,Faya,SA,18.3851,42.4509,52.32,51,0,5.73,clear sky
168,Victoria,HK,22.2855,114.1577,69.85,51,72,7.2,broken clouds
169,Harlingen,US,26.1906,-97.6961,58.91,82,90,13.8,overcast clouds
170,Saryozek,KZ,44.3583,77.9753,26.78,26,0,10.09,clear sky
171,Pevek,RU,69.7008,170.3133,-12.59,83,5,4.25,clear sky
172,Salinopolis,BR,-0.6136,-47.3561,79.84,82,14,8.9,few clouds
173,Santa Fe,AR,-31.6333,-60.7,77.38,41,97,6.51,light rain
174,Bereda,ES,43.2686,-7.5406,44.35,90,91,4.99,overcast clouds
175,Muros,ES,42.7762,-9.0603,45.1,72,36,9.37,scattered clouds
176,Chara,RU,56.9064,118.2631,-11.72,79,3,1.63,clear sky
177,Were Ilu,ET,10.6,39.4333,45.68,88,0,6.69,clear sky
178,Marienburg,PL,54.0359,19.0266,33.46,85,100,6.46,overcast clouds
179,Krasnoyarka,RU,55.3333,73.1167,24.75,91,100,12.46,overcast clouds
180,Jalu,LY,29.0331,21.5482,69.35,39,32,2.93,scattered clouds
181,Mount Isa,AU,-20.7333,139.5,89.37,19,0,11.5,clear sky
182,Khatanga,RU,71.9667,102.5,-8.36,93,100,13.15,overcast clouds
183,Khovu-Aksy,RU,51.1333,93.6,5.45,84,100,4.23,overcast clouds
184,Urk,NL,52.6625,5.6014,39.2,91,100,6.29,overcast clouds
185,Kisiwani,TZ,-4.1333,37.95,70.56,89,88,0.67,overcast clouds
186,Xiongyue,CN,40.1774,122.1228,44.08,79,100,11.27,overcast clouds
187,Bethel,US,41.3712,-73.414,34.16,47,1,5.75,clear sky
188,East London,ZA,-33.0153,27.9116,63.46,90,6,4.92,clear sky
189,Komsomolskiy,UZ,40.4272,71.7189,29.62,56,15,0.65,few clouds
190,Uthal,PK,25.8072,66.6219,70.23,24,1,4.0,clear sky
191,Manado,ID,1.487,124.8455,86.77,66,20,3.44,few clouds
192,Chimoio,MZ,-19.1164,33.4833,56.84,94,12,1.14,few clouds
193,Tairua,NZ,-37.0167,175.85,72.9,55,92,7.25,overcast clouds
194,Gat,IL,31.61,34.7642,56.08,40,35,3.65,scattered clouds
195,Gigmoto,PH,13.7796,124.39,81.46,85,100,10.67,overcast clouds
196,Zinder,NE,13.8072,8.9881,73.54,15,100,9.64,overcast clouds
197,Amahai,ID,-3.3333,128.9167,84.15,71,100,1.39,light rain
198,Volkhovskiy,RU,58.58,31.3164,27.28,94,100,11.45,light snow
199,Acapulco,MX,16.8634,-99.8901,78.8,77,0,6.04,clear sky
200,Hot Springs,US,34.5037,-93.0552,45.32,59,100,5.08,overcast clouds
201,Sturgeon Falls,CA,46.3646,-79.9326,14.14,82,20,1.34,few clouds
202,Klaksvik,FO,62.2266,-6.589,25.72,66,98,9.17,overcast clouds
203,Bouna,CI,9.2667,-3.0,76.93,32,59,0.58,broken clouds
204,Victoria Point,AU,-27.5833,153.3,78.76,71,90,16.31,overcast clouds
205,Monrovia,LR,6.3005,-10.7969,76.77,78,98,4.59,overcast clouds
206,Aldan,RU,58.6031,125.3894,-3.46,94,100,6.71,overcast clouds
207,Hanover,DE,52.3705,9.7332,32.11,86,0,2.3,clear sky
208,Norman Wells,CA,65.282,-126.8329,-21.96,76,20,4.61,few clouds
209,Qaanaaq,GL,77.484,-69.3632,-0.54,98,98,1.9,overcast clouds
210,Macklin,CA,52.3334,-109.9348,25.61,79,100,9.8,overcast clouds
211,Upernavik,GL,72.7868,-56.1549,2.17,96,48,8.55,scattered clouds
212,Yulara,AU,-25.2406,130.9889,76.84,23,0,12.66,clear sky
213,Tolaga Bay,NZ,-38.3667,178.3,66.36,70,100,7.65,overcast clouds
214,Araouane,ML,18.9048,-3.5265,76.73,22,100,4.03,overcast clouds
215,Hearst,CA,49.6835,-83.6665,14.74,84,94,3.91,overcast clouds
216,Ithaki,GR,38.3642,20.7185,56.89,64,54,16.6,broken clouds
217,Hamilton,US,39.1834,-84.5333,45.37,65,84,6.69,broken clouds
218,Mount Gambier,AU,-37.8333,140.7667,67.51,40,9,7.78,clear sky
219,Borba,BR,-4.3878,-59.5939,76.71,90,100,2.26,overcast clouds
220,Puerto Ayora,EC,-0.7393,-90.3518,68.85,80,98,8.7,overcast clouds
221,Quatre Cocos,MU,-20.2078,57.7625,71.71,73,1,6.15,clear sky
222,Kiyasovo,RU,56.3491,53.1244,11.61,86,74,8.39,broken clouds
223,Taoudenni,ML,22.6783,-3.9836,68.63,31,2,14.45,clear sky
224,Makasar,ID,-5.14,119.4221,82.45,83,20,2.3,few clouds
225,Ulaangom,MN,49.9811,92.0667,9.27,75,90,4.18,overcast clouds
226,Kuching,MY,1.55,110.3333,79.02,89,20,4.61,few clouds
227,Sao Joao Da Barra,BR,-21.6403,-41.0511,73.53,83,30,7.58,scattered clouds
228,Mwinilunga,ZM,-11.7358,24.4293,59.9,98,88,3.47,overcast clouds
229,Rudnya,RU,54.947,31.0934,34.59,97,100,13.76,overcast clouds
230,Yilan,TW,24.757,121.753,73.26,94,100,6.22,overcast clouds
231,Hualmay,PE,-11.0964,-77.6139,66.47,84,100,9.33,overcast clouds
232,Bathsheba,BB,13.2167,-59.5167,80.01,81,63,12.57,broken clouds
233,San Ramon,US,37.7799,-121.978,66.42,51,1,4.61,clear sky
234,Altay,CN,47.8667,88.1167,5.22,59,12,6.49,few clouds
235,Camacha,PT,33.0833,-16.3333,60.22,77,40,13.8,scattered clouds
236,Lima,PE,-12.0432,-77.0282,65.62,83,100,6.98,overcast clouds
237,Enshi,CN,30.3,109.4833,50.02,73,99,0.16,overcast clouds
238,Srednekolymsk,RU,67.45,153.6833,-38.4,100,39,2.51,scattered clouds
239,Sioux Lookout,CA,50.1001,-91.917,28.78,86,100,12.77,overcast clouds
240,Narsaq,GL,60.9167,-46.05,39.42,100,100,1.77,moderate rain
241,Comodoro Rivadavia,AR,-45.8667,-67.5,58.32,44,100,12.19,overcast clouds
242,Vestmanna,FO,62.1564,-7.1664,23.92,86,93,1.14,overcast clouds
243,Leningradskiy,RU,69.3833,178.4167,-19.93,90,8,9.51,clear sky
244,Kismayo,SO,-0.3582,42.5454,78.64,79,96,2.8,overcast clouds
245,Kaitangata,NZ,-46.2817,169.8464,61.39,54,0,7.4,clear sky
246,Kieta,PG,-6.2167,155.6333,84.61,69,100,5.77,overcast clouds
247,Brainerd,US,46.358,-94.2008,35.62,64,1,9.22,clear sky
248,Monopoli,IT,40.9559,17.2896,53.44,62,88,18.72,overcast clouds
249,Gushikawa,JP,26.3544,127.8686,71.19,60,75,19.57,broken clouds
250,Banita,RO,45.45,23.2667,40.71,94,95,5.14,overcast clouds
251,Turbat,PK,26.0023,63.044,68.49,26,0,8.72,clear sky
252,Evinayong,GQ,1.4368,10.5512,67.26,98,100,1.74,overcast clouds
253,Ust-Kut,RU,56.7938,105.7672,8.26,92,100,5.17,overcast clouds
254,Lahij,YE,13.1667,44.5833,72.7,62,0,3.18,clear sky
255,Gejiu,CN,23.306,103.1635,46.11,89,100,1.97,overcast clouds
256,Haines Junction,CA,60.7522,-137.5108,6.78,98,100,3.09,light snow
257,Sulphur Springs,US,33.1385,-95.6011,50.14,87,90,5.75,light intensity drizzle
258,Chuy,UY,-33.6971,-53.4616,67.03,86,100,8.81,overcast clouds
259,Vardo,NO,70.3705,31.1107,24.62,77,43,13.49,scattered clouds
260,Longyearbyen,SJ,78.2186,15.6401,12.04,67,40,28.77,scattered clouds
261,Vila Do Maio,CV,15.1333,-23.2167,75.99,76,82,18.9,broken clouds
262,Rio Grande,BR,-32.035,-52.0986,68.4,90,95,9.48,overcast clouds
263,Concepcion Del Uruguay,AR,-32.4825,-58.2372,72.07,61,100,6.62,overcast clouds
264,Kapoeta,SS,4.7717,33.5903,78.58,55,48,14.23,light rain
265,Inhambane,MZ,-23.865,35.3833,67.69,69,1,8.25,clear sky
266,Lasa,IT,46.6166,10.7002,32.74,96,100,3.62,light snow
267,Kaoma,ZM,-14.7833,24.8,62.67,90,50,4.85,scattered clouds
268,Bairiki,KI,1.3292,172.9752,81.64,76,97,19.08,overcast clouds
269,Hami,CN,42.8,93.45,24.22,72,78,10.42,broken clouds
270,Sulangan,PH,11.1373,123.7228,82.33,80,100,11.07,overcast clouds
271,Kristiinankaupunki,FI,62.2743,21.376,22.26,64,100,6.13,overcast clouds
272,Katsuura,JP,35.1333,140.3,51.91,48,0,13.67,clear sky
273,Najran,SA,17.4924,44.1277,59.83,48,0,1.72,clear sky
274,Alamosa,US,37.4695,-105.87,40.51,38,1,0.0,clear sky
275,Luknovo,RU,56.1983,42.04,33.06,97,100,13.51,overcast clouds
276,Leshukonskoye,RU,64.8989,45.7622,-0.96,100,100,3.18,overcast clouds
277,Urucui,BR,-7.2294,-44.5561,75.58,86,52,3.2,broken clouds
278,Atar,MR,20.5169,-13.0499,67.82,28,93,14.5,overcast clouds
279,Quimper,FR,48.0,-4.1,43.63,75,75,13.8,broken clouds
280,Kruisfontein,ZA,-34.0033,24.7314,59.81,71,50,6.42,scattered clouds
281,Flin Flon,CA,54.7682,-101.865,18.7,88,8,8.46,clear sky
282,Arrecife,ES,28.963,-13.5477,62.67,72,20,9.22,few clouds
283,Perth,AU,-31.9333,115.8333,84.38,25,0,8.05,clear sky
284,Khrebtovaya,RU,56.7032,104.2494,8.91,86,100,9.35,overcast clouds
285,Hailar,CN,49.2,119.7,9.01,92,100,3.38,overcast clouds
286,Cap-Aux-Meules,CA,47.3821,-61.8597,37.22,72,100,35.12,overcast clouds
287,Jinji,CN,23.2281,110.8261,62.31,58,70,4.21,broken clouds
288,Morant Bay,JM,17.8815,-76.4093,76.62,80,100,9.24,overcast clouds
289,Piombino,IT,42.9348,10.5221,55.78,67,100,20.33,overcast clouds
290,Micheweni,TZ,-4.9667,39.8333,78.75,82,28,6.02,scattered clouds
291,Tezu,IN,27.9167,96.1667,61.27,52,1,3.58,clear sky
292,Sun City,US,33.5975,-112.2718,71.55,23,1,5.75,clear sky
293,Ushtobe,KZ,45.2514,77.9838,25.61,49,0,13.29,clear sky
294,Hirara,JP,24.8,125.2833,73.58,65,100,32.35,overcast clouds
295,Madras,IN,13.0878,80.2785,76.98,94,40,0.0,thunderstorm with light rain
296,Fort Nelson,CA,58.8053,-122.7002,20.16,96,100,2.84,overcast clouds
297,Vaitape,PF,-16.5167,-151.75,81.41,73,16,17.87,few clouds
298,Ban Nahin,LA,18.2418,104.2122,67.89,58,11,4.83,few clouds
299,Surt,LY,31.2089,16.5887,71.92,44,94,8.77,overcast clouds
300,Mayya,RU,61.7333,130.2811,0.72,91,100,10.87,overcast clouds
301,Vila Velha,BR,-20.3297,-40.2925,75.15,78,0,9.22,clear sky
302,Jabinyanah,TN,35.035,10.9081,59.52,45,100,10.04,overcast clouds
303,Sahibganj,IN,25.25,87.65,62.76,76,6,0.67,clear sky
304,Buala,SB,-8.145,159.5921,86.38,66,25,5.7,scattered clouds
305,Cherskiy,RU,68.75,161.3,-25.04,92,22,3.27,few clouds
306,Kavieng,PG,-2.5744,150.7967,84.25,67,97,2.53,overcast clouds
307,Coquimbo,CL,-29.9533,-71.3436,58.73,88,0,4.61,clear sky
308,Seryshevo,RU,51.0933,128.3786,9.54,95,100,2.3,overcast clouds
309,Talnakh,RU,69.4865,88.3972,-0.98,97,100,7.85,overcast clouds
310,San Juan,AR,-31.5375,-68.5364,67.55,59,2,26.17,clear sky
311,Verin,ES,41.9415,-7.4381,40.01,79,8,14.79,clear sky
312,Honiara,SB,-9.4333,159.95,86.31,69,98,5.37,overcast clouds
313,Nome,US,64.5011,-165.4064,-9.33,64,1,3.44,clear sky
314,Sumenep,ID,-7.0167,113.8667,81.59,78,100,5.37,moderate rain
315,Kochubey,RU,44.3861,46.5825,43.43,93,100,6.58,overcast clouds
316,Ancud,CL,-41.8697,-73.8203,53.13,73,12,9.4,few clouds
317,Pisco,PE,-13.7,-76.2167,66.25,82,0,14.97,clear sky
318,Isangel,VU,-19.55,169.2667,86.11,70,75,11.5,broken clouds
319,Zig,US,40.127,-92.7663,52.09,46,1,12.66,clear sky
320,Bull Savanna,JM,17.8868,-77.5902,74.55,78,80,2.84,broken clouds
321,Jacareacanga,BR,-6.2222,-57.7528,74.5,96,100,1.43,light rain
322,Mattru,SL,7.6244,-11.8332,76.77,86,95,2.26,overcast clouds
323,Wajima,JP,37.4,136.9,48.65,53,26,7.76,scattered clouds
324,Inyonga,TZ,-6.7167,32.0667,66.92,73,91,3.67,overcast clouds
325,Loncoche,CL,-39.3667,-72.6333,51.58,75,0,2.19,clear sky
326,Mangrol,IN,21.1167,70.1167,74.23,61,98,8.79,overcast clouds
327,Viedma,AR,-40.8135,-62.9967,62.38,84,100,4.07,overcast clouds
328,Cockburn Town,TC,21.4612,-71.1419,75.16,73,75,6.91,broken clouds
329,Galesong,ID,-5.3166,119.3661,82.42,76,100,3.38,overcast clouds
330,Vostok,RU,46.4856,135.8833,19.53,81,17,3.2,few clouds
331,Akureyri,IS,65.6835,-18.0878,23.67,96,100,3.24,overcast clouds
332,Fairbanks,US,64.8378,-147.7164,-13.04,70,90,0.0,haze
333,Japura,ID,-0.3167,102.35,79.36,80,99,1.68,overcast clouds
334,Fougeres,FR,48.35,-1.2,41.92,71,100,18.43,overcast clouds
335,Touros,BR,-5.1989,-35.4608,81.5,71,82,13.15,broken clouds
336,Yarmouth,US,41.7057,-70.2286,35.74,55,1,8.05,clear sky
337,Talcahuano,CL,-36.7167,-73.1167,56.88,58,0,14.97,clear sky
338,Sabla,NG,12.7525,4.7077,75.72,15,100,9.28,overcast clouds
339,Khandyga,RU,62.6667,135.6,-10.19,99,98,2.28,overcast clouds
340,Priargunsk,RU,50.3691,119.1012,15.13,94,100,5.21,light snow
341,Ziro,IN,27.6333,93.8333,38.8,75,0,2.91,clear sky
342,Tacuati,PY,-23.45,-56.5833,73.71,52,0,4.25,clear sky
343,Boende,CD,-0.2167,20.8667,72.05,87,100,1.32,overcast clouds
344,Berezanka,UA,46.8526,31.388,46.65,81,0,4.65,clear sky
345,Buarcos,PT,40.166,-8.8768,51.91,70,98,18.39,overcast clouds
346,San Patricio,US,28.017,-97.5169,55.26,83,100,9.04,overcast clouds
347,Eureka,US,40.8021,-124.1637,58.39,95,65,4.18,broken clouds
348,Udachnyy,RU,66.4167,112.4,-9.17,92,100,4.97,overcast clouds
349,Santa Cruz,BO,-17.8,-63.1667,76.46,83,20,9.22,few clouds
350,Lagoa,PT,39.05,-27.9833,61.14,62,89,9.4,overcast clouds
351,Qaqortoq,GL,60.7167,-46.0333,39.7,100,100,6.04,moderate rain
352,Aranos,NA,-24.1333,19.1167,61.3,13,0,3.11,clear sky
353,Constantine,DZ,36.365,6.6147,48.4,53,100,16.02,overcast clouds
354,Ostersund,SE,63.1792,14.6357,14.45,92,90,4.61,overcast clouds
355,Ixtapa,MX,20.7,-105.2,79.83,74,90,5.75,overcast clouds
356,Msanga,TZ,-6.05,36.0333,67.01,81,100,5.41,overcast clouds
357,Roald,NO,62.5833,6.1333,24.94,80,8,11.5,clear sky
358,Russkaya Polyana,UA,49.417,31.9201,41.72,88,7,4.65,clear sky
359,Sarh,TD,9.1429,18.3923,73.83,20,100,2.62,overcast clouds
360,Hailey,US,43.5196,-114.3153,37.26,75,1,0.0,clear sky
361,Tessalit,ML,20.1986,1.0114,74.5,22,5,4.52,clear sky
362,General Pico,AR,-35.6566,-63.7568,59.52,91,100,5.91,overcast clouds
363,Bulgan,MN,48.8125,103.5347,10.15,96,61,2.13,broken clouds
364,Port Keats,AU,-14.25,129.55,92.75,41,17,2.35,few clouds
365,Ewa Beach,US,21.3156,-158.0072,82.35,58,90,5.75,overcast clouds
366,Calahorra,ES,42.3051,-1.9652,37.31,96,71,15.52,light rain
367,Conceicao Do Araguaia,BR,-8.2578,-49.2647,75.67,88,54,3.58,moderate rain
368,Christchurch,NZ,-43.5333,172.6333,55.6,94,90,13.8,moderate rain
369,Mareeba,AU,-17.0,145.4333,81.32,58,41,6.29,light rain
370,Timmins,CA,48.4669,-81.3331,3.02,85,20,0.0,few clouds
371,Suntar,RU,62.1444,117.6319,0.46,89,97,7.29,overcast clouds
372,Kissing,DE,48.3037,10.9709,33.48,93,90,3.44,overcast clouds
373,Charters Towers,AU,-20.1,146.2667,90.72,42,5,11.43,light rain
374,Alice Springs,AU,-23.7,133.8833,76.55,25,1,10.36,clear sky
375,Santa Teresa,VE,10.2341,-66.6631,74.32,98,31,1.9,scattered clouds
376,Clyde River,CA,70.4692,-68.5914,-8.73,99,97,5.93,overcast clouds
377,Ust-Kuyga,RU,70.0167,135.6,-3.03,99,100,2.26,light snow
378,Kyshtovka,RU,56.555,76.6271,23.72,93,100,12.8,overcast clouds
379,Nishihara,JP,26.1842,127.7558,71.26,56,75,18.41,broken clouds
380,Aksarka,RU,66.5606,67.7975,-19.84,100,65,4.43,broken clouds
381,Egvekinot,RU,66.3167,-179.1667,-16.08,84,0,4.97,clear sky
382,Sao Raimundo Nonato,BR,-9.0153,-42.6994,77.67,71,50,2.24,scattered clouds
383,Zhigansk,RU,66.7697,123.3711,-1.62,98,100,6.82,overcast clouds
384,Salta,AR,-24.7859,-65.4117,72.84,79,100,3.27,overcast clouds
385,Lafayette,US,30.2335,-92.0668,53.62,82,90,0.0,overcast clouds
386,Shitanjing,CN,39.2342,106.3439,31.24,42,18,6.33,few clouds
387,Riverton,US,40.5219,-111.9391,41.5,75,1,3.44,clear sky
388,Katangli,RU,51.7102,143.2326,26.29,68,10,14.0,clear sky
389,Kashi,CN,39.4547,75.9797,27.59,52,58,2.21,broken clouds
390,Sharjah,AE,25.3573,55.4033,73.38,83,0,4.61,clear sky
391,Metu,ET,8.3,35.5833,57.06,78,14,2.98,few clouds
392,Outlook,CA,51.5001,-107.0513,20.8,88,100,6.13,overcast clouds
393,Luena,AO,-11.7833,19.9167,61.93,97,100,1.99,light rain
394,Golub-Dobrzyn,PL,53.1109,19.0538,31.53,92,86,6.98,overcast clouds
395,Dali,CN,25.7,100.1833,47.77,69,3,1.05,clear sky
396,Severnyy,RU,50.677,36.5532,42.84,100,90,4.47,fog
397,Faanui,PF,-16.4833,-151.75,81.37,73,17,17.85,few clouds
398,Sloboda,RU,51.1421,40.3021,39.69,93,100,10.71,overcast clouds
399,Lisieux,FR,49.1667,0.1667,40.73,87,100,22.03,light rain
400,Hirado,JP,33.3597,129.5531,53.22,50,12,12.37,few clouds
401,Pochutla,MX,15.7432,-96.4661,81.45,75,37,3.49,scattered clouds
402,Kuala Terengganu,MY,5.3302,103.1408,78.19,86,100,10.67,very heavy rain
403,Moquegua,PE,-17.1956,-70.9353,65.19,62,96,2.33,overcast clouds
404,Sucua,EC,-2.4667,-78.1667,68.25,97,23,3.06,few clouds
405,Marawi,PH,7.9986,124.2928,77.41,73,100,0.83,overcast clouds
406,Ahipara,NZ,-35.1667,173.1667,70.93,57,93,4.68,overcast clouds
407,Inverell,AU,-29.7833,151.1167,70.03,78,89,5.79,moderate rain
408,Edeia,BR,-17.3383,-49.9314,73.15,84,17,4.0,few clouds
409,Moron,AR,-34.6534,-58.6198,71.35,68,100,12.46,overcast clouds
410,Syumsi,RU,57.1111,51.6149,18.45,81,100,9.98,overcast clouds
411,Columbus,US,39.9612,-82.9988,39.72,59,90,9.22,overcast clouds
412,Leca Da Palmeira,PT,41.191,-8.7003,39.61,87,0,3.44,clear sky
413,Batagay,RU,67.6333,134.6333,-7.67,100,100,2.17,overcast clouds
414,Grimshaw,CA,56.1834,-117.6027,26.55,86,100,6.31,overcast clouds
415,San Cristobal,VE,7.7669,-72.225,73.58,93,38,1.39,scattered clouds
416,Zhumadian,CN,32.9794,114.0294,47.68,71,60,2.84,broken clouds
417,Acarau,BR,-2.8856,-40.12,80.24,80,86,13.35,overcast clouds
418,Tual,ID,-5.6667,132.75,83.66,67,100,4.34,heavy intensity rain
419,Sao Gabriel Da Cachoeira,BR,-0.1303,-67.0892,75.63,90,100,1.59,overcast clouds
420,Mercedes,AR,-34.6515,-59.4307,69.48,62,100,11.7,light rain
421,Atasu,KZ,48.6814,71.6433,7.3,86,13,5.3,few clouds
422,Lieksa,FI,63.3167,30.0167,12.34,97,100,8.19,overcast clouds
423,Port Jervis,US,41.3751,-74.6927,34.61,67,99,6.4,overcast clouds
424,Albury,AU,-36.0833,146.9167,68.05,45,0,3.44,clear sky
425,Kedrovyy,RU,56.1667,91.8167,19.81,93,100,14.03,snow
426,Morros,BR,-9.4467,-46.3003,74.37,81,54,3.4,broken clouds
427,Lavrentiya,RU,65.5833,-171.0,-10.7,94,6,7.7,clear sky
428,Guerrero Negro,MX,27.9769,-114.0611,67.66,63,0,11.9,clear sky
429,Adavere,EE,58.7086,25.8994,26.55,82,100,9.44,light snow
430,Le Port,RE,-20.9373,55.2919,77.0,82,43,6.35,light rain
431,Ciudad Bolivar,VE,8.1222,-63.5497,79.54,78,57,11.1,broken clouds
432,Vila,PT,42.0304,-8.1588,31.08,91,10,6.93,clear sky
433,Saint-Leu,RE,-21.15,55.2833,76.06,85,78,3.11,light rain
434,Hidalgo,MX,20.5,-99.0,58.46,86,6,4.92,clear sky
435,Broome,US,42.2506,-75.833,29.17,68,90,4.61,overcast clouds
436,Umea,SE,63.8284,20.2597,15.73,92,90,6.91,overcast clouds
437,Orotukan,RU,62.2667,151.7,-21.37,83,9,2.33,clear sky
438,Andra,RU,62.5147,65.8878,14.02,90,26,7.2,scattered clouds
439,Tiksi,RU,71.6872,128.8694,-7.64,96,100,6.82,overcast clouds
440,San Carlos De Bariloche,AR,-41.1456,-71.3082,49.75,53,0,20.71,clear sky
441,Dunedin,NZ,-45.8742,170.5036,60.89,61,0,12.33,clear sky
442,Mao,ES,39.8885,4.2658,45.16,93,75,6.91,broken clouds
443,Kathmandu,NP,27.7167,85.3167,46.62,100,20,2.3,mist
444,Hofn,IS,64.2539,-15.2082,34.03,62,100,21.97,overcast clouds
445,Yeppoon,AU,-23.1333,150.7333,80.38,71,4,11.88,clear sky
446,Vrangel,RU,42.7297,133.0839,35.38,42,0,7.81,clear sky
447,Teguise,ES,29.0605,-13.564,59.22,72,20,9.22,few clouds
448,Shelburne,CA,44.0787,-80.2041,27.05,90,100,1.92,overcast clouds
449,Saint-Francois,FR,46.4154,3.9054,35.04,93,90,8.05,overcast clouds
450,Shenjiamen,CN,29.9576,122.298,62.15,68,100,14.05,overcast clouds
451,Vega De Alatorre,MX,20.0333,-96.6333,69.31,86,48,1.68,scattered clouds
452,Ninghai,CN,29.2892,121.4247,56.73,87,100,3.36,overcast clouds
453,San Quintin,MX,30.4833,-115.95,63.46,66,0,3.31,clear sky
454,Broken Hill,AU,-31.95,141.4333,71.26,42,60,17.22,broken clouds
455,Dolores,AR,-36.3132,-57.6792,64.49,80,100,15.26,overcast clouds
456,Huarmey,PE,-10.0681,-78.1522,67.03,83,100,9.35,overcast clouds
457,Minsk,BY,53.9,27.5667,33.55,90,100,10.29,overcast clouds
458,Nelson Bay,AU,-32.7167,152.15,69.85,72,100,12.8,overcast clouds
459,Sol-Iletsk,RU,51.1631,54.9918,16.77,84,68,8.14,broken clouds
460,Solnechnyy,RU,50.7214,136.6319,17.24,82,63,5.35,broken clouds
461,Yongan,CN,39.6957,113.6871,37.76,49,61,2.57,broken clouds
462,Miri,MY,4.4148,114.0089,78.8,88,100,4.05,overcast clouds
463,Santo Anastacio,BR,-21.8383,-51.6103,71.56,49,0,6.42,clear sky
464,Nuuk,GL,64.1835,-51.7216,38.01,100,75,4.61,light snow
465,San Luis,AR,-33.295,-66.3356,59.63,86,36,16.51,light rain
466,Korba,IN,22.35,82.6833,57.58,50,94,4.32,overcast clouds
467,Gidam,IN,18.9833,81.4,58.89,78,70,2.8,broken clouds
468,Coihaique,CL,-45.5752,-72.0662,51.75,50,75,8.05,broken clouds
469,Manama,BH,26.2154,50.5832,73.38,73,0,9.22,clear sky
470,Voskresenskoye,RU,56.8381,45.4317,27.82,94,100,12.64,light snow
471,Talkha,EG,31.0539,31.3779,63.7,55,98,4.97,overcast clouds
472,Sibundoy,CO,1.2048,-76.9237,55.6,97,100,1.16,overcast clouds
473,Mackay,AU,-21.15,149.2,81.52,72,5,7.07,light rain
474,Grand Gaube,MU,-20.0064,57.6608,72.0,71,0,8.75,clear sky
475,Maues,BR,-3.3836,-57.7186,76.68,90,100,2.01,overcast clouds
476,Tulle,FR,45.3333,1.8333,33.55,98,100,7.83,light rain
477,Barinitas,VE,8.7622,-70.4111,70.3,91,24,4.36,few clouds
478,Krasnomayskiy,RU,57.6194,34.4099,34.95,99,100,4.47,light snow
479,Pareora,NZ,-44.4871,171.2132,52.38,85,100,6.38,overcast clouds
480,Colares,PT,38.7992,-9.4469,45.59,55,97,21.32,overcast clouds
481,Nizhniy Tsasuchey,RU,50.5167,115.1333,17.47,70,100,13.76,overcast clouds
482,Alyangula,AU,-13.8483,136.4192,88.86,50,87,8.1,overcast clouds
483,Tazovskiy,RU,67.4667,78.7,1.06,96,100,6.76,overcast clouds
484,Tongliao,CN,43.6125,122.2653,32.5,87,100,11.01,overcast clouds
485,Porto Velho,BR,-8.7619,-63.9039,78.85,94,75,0.0,broken clouds
486,Neokhorion,GR,41.1833,23.25,54.59,82,97,3.0,overcast clouds
487,Xacmaz,AZ,41.4635,48.806,44.19,79,100,2.71,overcast clouds
488,Hadrut,AZ,39.52,47.0318,48.06,51,100,2.84,overcast clouds
489,Yertarskiy,RU,56.7902,64.2995,23.94,92,42,7.74,scattered clouds
490,Amapa,BR,1.0,-52.0,72.09,98,7,2.51,clear sky
491,Okha,RU,53.5739,142.9478,29.57,68,26,18.23,scattered clouds
492,Palana,RU,59.1167,159.9667,3.61,93,100,5.97,overcast clouds
493,Doha,QA,25.2867,51.5333,73.38,68,0,9.22,clear sky
494,Ketchikan,US,55.3422,-131.6461,46.87,93,90,20.71,moderate rain
495,Tuatapere,NZ,-46.1333,167.6833,62.38,44,0,5.77,clear sky
496,Samarai,PG,-10.6167,150.6667,83.77,72,100,6.62,overcast clouds
497,Tunceli,TR,39.1083,39.5471,45.46,93,100,0.94,moderate rain
498,Zhezkazgan,KZ,47.8043,67.7144,16.09,83,20,9.69,few clouds
499,Atambua,ID,-9.1061,124.8925,84.51,62,94,1.03,overcast clouds
500,Gilleleje,DK,56.122,12.3106,37.27,98,100,10.42,overcast clouds
501,Matam,SN,15.6175,-13.3303,82.62,22,4,11.59,clear sky
502,Maracacume,BR,-2.0428,-45.9592,74.84,90,96,3.6,overcast clouds
503,Koungou,YT,-12.7336,45.2042,78.51,83,0,10.36,light rain
504,Mogadishu,SO,2.0371,45.3438,80.11,77,14,6.08,few clouds
505,Bismil,TR,37.8486,40.6658,50.11,72,100,1.59,overcast clouds
506,Ponca City,US,36.707,-97.0856,51.76,46,1,5.75,clear sky
507,Kahului,US,20.8947,-156.47,83.46,61,1,19.57,clear sky
508,Terney,RU,45.0503,136.6092,32.0,53,0,8.32,clear sky
509,Biak,ID,-0.9131,122.8766,81.41,75,88,3.06,overcast clouds
510,Portland,US,45.5234,-122.6762,61.38,88,90,9.22,overcast clouds
511,Vestmannaeyjar,IS,63.4427,-20.2734,37.26,80,100,11.7,overcast clouds
512,Ilulissat,GL,69.2167,-51.1,23.02,63,100,13.8,overcast clouds
513,Xichang,CN,27.8964,102.2634,47.14,82,11,1.41,few clouds
514,Arlit,NE,18.7369,7.3853,74.62,15,5,7.52,clear sky
515,Ostrovnoy,RU,68.0531,39.5131,9.37,88,89,8.61,overcast clouds
516,Koslan,RU,63.4564,48.8989,11.48,96,100,4.74,overcast clouds
517,Birin,NP,26.8865,88.0718,47.8,64,0,5.64,clear sky
518,Sisimiut,GL,66.9395,-53.6735,26.46,94,100,10.13,snow
519,Antalaha,MG,-14.9003,50.2788,74.62,85,81,2.3,light rain
520,Chaihe,CN,44.7667,129.7,19.09,79,6,4.9,clear sky
521,Havoysund,NO,70.9963,24.6622,20.28,79,39,18.14,scattered clouds
522,Sanctorum,MX,19.1,-98.25,58.32,54,1,5.75,clear sky
523,Porto Walter,BR,-8.2686,-72.7439,74.17,94,100,1.34,light rain
524,Sakakah,SA,29.9697,40.2064,56.75,49,9,4.52,clear sky
525,Duluth,US,46.7833,-92.1066,34.86,67,1,12.66,clear sky
526,Porosozero,RU,62.7191,32.727,17.01,93,100,9.1,overcast clouds
527,Galle,LK,6.0367,80.217,76.77,87,93,5.32,overcast clouds
528,Hambantota,LK,6.1241,81.1185,78.03,86,100,4.23,overcast clouds
529,Tampere,FI,61.4991,23.7871,15.91,92,90,8.05,overcast clouds
530,Westport,US,41.1415,-73.3579,37.15,51,1,4.61,clear sky
531,Kasongo-Lunda,CD,-6.4667,16.8167,68.13,98,84,0.49,broken clouds
532,Emerald,AU,-23.5333,148.1667,88.56,46,10,11.61,clear sky
533,Arandis,NA,-22.4167,14.9667,55.71,49,0,1.68,clear sky
534,Quelimane,MZ,-17.8786,36.8883,69.75,88,20,2.3,few clouds
535,Brae,GB,60.3964,-1.353,31.91,61,100,16.55,overcast clouds
536,Vanavara,RU,60.34,102.2797,5.65,95,97,5.48,overcast clouds
537,Saint-Jean-De-Maurienne,FR,45.1667,6.5833,4.19,98,94,5.44,overcast clouds
538,Takoradi,GH,4.8845,-1.7554,78.93,83,100,6.17,overcast clouds
539,Tonota,BW,-21.4833,27.4833,61.65,73,0,13.18,clear sky
540,Lethem,GY,3.3803,-59.7968,79.18,77,83,8.75,broken clouds
541,Chernyshevskiy,RU,63.0128,112.4714,-5.12,98,99,7.27,overcast clouds
542,Portage,US,41.1667,-81.1998,30.61,93,90,3.44,snow
543,Bejuco,PA,8.6,-79.8833,76.82,89,100,10.96,overcast clouds
544,Alexandria,EG,31.2156,29.9553,69.57,46,1,8.55,clear sky
545,Otane,NZ,-39.8833,176.6333,71.71,52,100,3.36,overcast clouds
546,Dubai,AE,25.2582,55.3047,73.33,83,0,3.44,clear sky
547,Fare,PF,-16.7,-151.0167,81.25,72,8,16.15,clear sky
548,Aswan,EG,24.0934,32.907,69.75,30,2,8.88,clear sky
549,High Level,CA,58.5169,-117.136,17.71,79,75,11.5,broken clouds
550,Belmonte,BR,-15.8631,-38.8828,70.3,91,100,0.89,heavy intensity rain
551,Itaqui,BR,-29.1253,-56.5531,71.87,72,100,11.5,overcast clouds
552,Richards Bay,ZA,-28.783,32.0377,65.7,78,16,17.6,light rain
553,Raglan,NZ,-37.8,174.8833,69.19,62,99,7.81,overcast clouds
554,Honningsvag,NO,70.9821,25.9704,24.55,72,27,24.05,scattered clouds
555,Poplar Bluff,US,36.757,-90.3929,46.18,65,1,10.36,clear sky
556,Porto Novo,BJ,6.4965,2.6036,79.79,83,100,5.21,overcast clouds
557,Renqiu,CN,38.6989,116.0936,45.32,70,100,4.0,overcast clouds
558,Waipawa,NZ,-41.4122,175.5153,61.43,76,100,4.41,light rain
559,Khorramshahr,IR,30.4397,48.1664,64.02,42,81,12.26,broken clouds
560,Makakilo City,US,21.3469,-158.0858,80.35,57,40,6.91,scattered clouds
561,Henties Bay,NA,-22.116,14.2845,57.74,90,0,6.89,clear sky
562,Shubarshi,KZ,48.5872,57.1869,22.6,78,96,8.9,overcast clouds
563,Kantang,TH,7.4054,99.5156,80.62,75,84,4.61,broken clouds
564,Chala,TZ,-7.5833,31.2667,58.6,87,35,3.6,scattered clouds
565,Terrace,CA,54.5163,-128.6035,35.51,100,90,8.05,moderate rain
566,Nhulunbuy,AU,-12.2333,136.7667,95.61,34,40,9.22,scattered clouds
567,Cam Ranh,VN,11.9214,109.1591,76.96,94,75,12.66,broken clouds
568,Sydney,AU,-33.8679,151.2073,63.84,68,75,19.57,broken clouds
569,Lillooet,CA,50.6856,-121.942,43.7,96,100,2.93,overcast clouds
570,Sabancuy,MX,18.9667,-91.1833,74.5,77,40,5.61,scattered clouds
571,Bayan,CN,46.0833,127.4,31.69,82,80,13.29,broken clouds
572,Masterton,NZ,-40.9597,175.6575,67.19,60,100,3.69,light rain
573,Ust-Nera,RU,64.5667,143.2,-11.27,98,100,6.87,overcast clouds
574,Amboasary,MG,-25.0333,46.3833,60.28,71,2,7.43,clear sky
575,Derzhavinsk,KZ,51.1,66.3167,2.37,83,8,4.45,clear sky
576,Cairns,AU,-16.9167,145.7667,87.75,66,40,9.22,scattered clouds
577,Umm Lajj,SA,25.0213,37.2685,78.69,50,3,8.23,clear sky
578,Alihe,CN,50.5667,123.7167,17.01,76,100,1.21,overcast clouds
579,Erzin,TR,36.9559,36.2,55.92,61,100,4.21,overcast clouds
580,Santa Rosa,PH,14.3122,121.1114,79.56,84,100,9.82,light rain
581,Ullapool,GB,57.8987,-5.1604,35.74,92,100,4.05,light rain
582,Gouyave,GD,12.1646,-61.7296,80.15,81,19,14.25,few clouds
583,Houston,US,29.7633,-95.3633,55.42,82,90,9.22,overcast clouds
584,Alekseyevka,RU,50.6309,38.6903,43.14,98,100,9.37,overcast clouds
585,Batemans Bay,AU,-35.7167,150.1833,62.87,63,100,8.88,overcast clouds
586,Garowe,SO,8.4054,48.4845,72.16,78,5,7.92,clear sky
587,Luderitz,NA,-26.6481,15.1594,59.45,85,5,5.21,clear sky
588,Ayan,RU,56.45,138.1667,18.66,57,100,16.58,overcast clouds
589,Envira,BR,-7.3,-70.2167,74.97,87,90,2.08,overcast clouds
590,Okhotsk,RU,59.3833,143.3,5.32,74,1,17.02,clear sky
591,Kalininsk,RU,51.5,44.4758,34.03,97,100,14.41,overcast clouds
592,Nikolayevka,RU,53.1257,47.2041,32.54,94,100,15.64,snow
593,Omboue,GA,-1.5746,9.2618,75.87,90,100,0.45,overcast clouds
594,Timberlake,US,37.3207,-79.2575,38.32,51,1,3.44,clear sky
595,Muravlenko,RU,63.7898,74.523,4.89,95,99,12.39,overcast clouds
596,Damara,CF,4.9608,18.7035,71.82,48,84,1.52,broken clouds
597,Sorland,NO,67.667,12.6934,36.57,64,100,24.96,light rain
598,Inuvik,CA,68.3499,-133.7218,-8.9,95,100,16.67,overcast clouds
599,Kadoshkino,RU,54.0257,44.4191,33.04,98,100,15.64,overcast clouds
600,Cayenne,GF,4.9333,-52.3333,77.04,94,40,3.44,scattered clouds
601,Praia Da Vitoria,PT,38.7333,-27.0667,60.03,69,93,7.76,overcast clouds
602,Byron Bay,AU,-28.65,153.6167,77.11,86,97,12.71,overcast clouds
603,Kattivakkam,IN,13.2167,80.3167,78.89,89,100,6.98,overcast clouds
604,Rodrigues Alves,BR,-7.738,-72.6509,73.83,93,100,0.76,heavy intensity rain
605,Gimli,CA,50.6336,-96.9907,22.19,86,9,13.33,clear sky
606,Emba,KZ,48.8264,58.1442,20.19,77,96,7.94,overcast clouds
607,Krk,HR,45.0258,14.5731,50.99,69,96,14.29,overcast clouds
608,Monastyryshche,UA,48.9909,29.8047,40.64,85,1,4.79,clear sky
609,Ahuimanu,US,21.4447,-157.8378,80.31,61,40,9.22,scattered clouds
610,Baruun-Urt,MN,46.6806,113.2792,15.8,90,50,9.84,scattered clouds
611,Intipuca,SV,13.1969,-88.0544,79.09,65,94,3.58,overcast clouds
612,Lumberton,US,34.6182,-79.0086,44.91,39,79,6.87,broken clouds
613,Rawson,AR,-43.3002,-65.1023,57.18,78,0,8.66,clear sky
614,Golden,US,39.7555,-105.2211,43.29,39,40,8.05,scattered clouds
615,Rogongon,PH,8.2333,124.3333,82.74,71,100,3.09,overcast clouds
616,Atbasar,KZ,51.8,68.3333,0.46,94,9,4.29,clear sky
617,Sterling,US,39.0062,-77.4286,43.57,48,90,4.61,overcast clouds
618,Te Anau,NZ,-45.4167,167.7167,63.57,41,1,3.09,clear sky
619,Yeniseysk,RU,58.4497,92.1703,19.87,94,100,6.78,light snow
620,Bonthe,SL,7.5264,-12.505,80.38,79,28,6.31,scattered clouds
621,Mamallapuram,IN,12.6264,80.1722,78.85,89,100,7.16,heavy intensity rain
622,Moisei,RO,47.6556,24.5401,38.52,90,99,3.87,overcast clouds
623,Kulhudhuffushi,MV,6.6221,73.07,79.93,81,100,9.13,overcast clouds
624,Seoul,KR,37.5683,126.9778,44.04,27,3,0.94,clear sky
625,Portales,US,34.1862,-103.3344,45.59,32,0,11.34,clear sky
626,Nouadhibou,MR,20.931,-17.0347,66.85,65,1,23.11,clear sky
627,Khani,GE,41.9563,42.9566,45.97,64,100,6.13,overcast clouds
628,Sainte-Marie,RE,-20.8968,55.5496,77.16,73,75,5.75,light rain
629,Parana,AR,-31.732,-60.5238,76.82,46,95,13.6,overcast clouds
630,Thinadhoo,MV,0.5333,72.9333,81.77,71,82,17.07,broken clouds
631,Gold Coast,AU,-28.0,153.4333,75.27,64,75,14.97,broken clouds
632,Euclides Da Cunha,BR,-10.5075,-39.0158,71.29,84,8,2.77,clear sky
633,Snezhnogorsk,RU,69.1933,33.2531,-16.82,96,80,7.43,broken clouds
634,Chervone,UA,49.9564,28.8645,37.9,89,3,6.49,clear sky
635,Pangkalanbuun,ID,-2.6833,111.6167,77.85,92,100,5.23,overcast clouds
636,Sayyan,YE,15.1718,44.3244,47.82,57,1,4.83,clear sky
637,Luau,AO,-10.7073,22.2247,61.88,97,100,1.95,overcast clouds
638,Shangzhi,CN,45.2167,127.9667,36.19,66,76,15.17,broken clouds
639,Cabedelo,BR,-6.9811,-34.8339,81.27,76,53,10.8,broken clouds
640,Dakar,SN,14.6937,-17.4441,76.08,76,1,22.39,clear sky
641,Hanyang,CN,32.1371,105.5126,49.14,78,100,0.67,overcast clouds
642,Berezovyy,RU,51.6667,135.7,20.12,83,100,1.83,overcast clouds
643,Solkan,SI,45.9714,13.6494,48.81,95,100,5.84,heavy intensity rain
644,Ranot,TH,7.7777,100.3213,79.99,82,97,8.48,light rain
645,Maragogi,BR,-9.0122,-35.2225,79.34,73,100,10.4,overcast clouds
646,Natal,BR,-5.795,-35.2094,81.25,83,40,9.22,scattered clouds
647,Nipawin,CA,53.3668,-104.0009,12.02,93,8,7.34,clear sky
648,Goderich,CA,43.7501,-81.7165,29.82,93,100,11.14,light snow
649,Batticaloa,LK,7.7102,81.6924,80.13,81,60,4.63,broken clouds
650,Iquique,CL,-20.2208,-70.1431,64.44,74,88,3.71,overcast clouds
651,Joshimath,IN,30.5667,79.5667,46.17,19,0,6.53,clear sky
652,Juegang,CN,32.3174,121.1855,56.59,70,95,7.49,overcast clouds
653,Hohhot,CN,40.8106,111.6522,35.33,56,47,1.34,scattered clouds
654,Oranjestad,AW,12.524,-70.027,80.55,83,40,11.5,scattered clouds
655,Saint-Joseph,RE,-21.3667,55.6167,75.58,84,91,3.24,light rain
656,Acari,PE,-15.4311,-74.6158,69.96,76,94,3.78,overcast clouds
657,Hauterive,FR,46.0901,3.4459,36.36,99,100,4.83,light rain
658,Patos De Minas,BR,-18.5789,-46.5181,66.67,92,0,2.13,clear sky
659,Agdas,AZ,40.65,47.4761,37.27,66,100,2.19,overcast clouds
660,Paducah,US,37.0834,-88.6001,48.42,48,1,4.61,clear sky
661,Half Moon Bay,US,37.4636,-122.4286,64.31,52,1,12.66,clear sky
662,Coari,BR,-4.085,-63.1414,75.16,95,92,1.92,overcast clouds
663,Les Cayes,HT,18.2,-73.75,74.48,84,93,7.67,overcast clouds
664,Glendive,US,47.1053,-104.7125,33.42,86,1,5.75,clear sky
665,Kavaratti,IN,10.5669,72.642,82.92,71,100,11.16,overcast clouds
666,Kon Tum,VN,14.35,108.0,72.75,83,100,6.17,light rain
667,Ambilobe,MG,-13.2,49.05,74.17,91,23,2.73,few clouds
668,Zalegoshch,RU,52.9008,36.8869,40.37,97,100,10.74,overcast clouds
669,Terrace Bay,CA,48.7834,-87.1,28.99,92,100,8.52,light snow
670,Kijang,KR,35.2442,129.2139,51.6,50,0,1.59,clear sky
671,Tazmalt,DZ,36.3868,4.3989,48.49,82,100,7.02,overcast clouds
672,Angoram,PG,-4.0625,144.0661,88.59,63,80,3.24,broken clouds
673,Ornskoldsvik,SE,63.2909,18.7153,15.62,100,90,2.3,overcast clouds
674,Veraval,IN,20.9,70.3667,73.99,64,94,7.76,overcast clouds
675,Fuling,CN,29.7022,107.3919,57.69,71,100,0.69,overcast clouds
676,Ballina,AU,-28.8667,153.5667,77.18,85,100,13.89,overcast clouds
677,Pajan,EC,-1.5667,-80.4167,74.8,79,96,4.38,overcast clouds
678,Mecca,SA,21.4267,39.8261,73.83,73,0,2.68,clear sky
679,Chimore,BO,-16.9833,-65.1333,73.45,98,69,1.74,broken clouds
680,Saint-Louis,SN,16.3333,-15.0,77.9,29,0,14.38,clear sky
681,Sola,VU,-13.8833,167.55,81.61,73,41,9.13,scattered clouds
682,Puerto El Triunfo,SV,13.2833,-88.55,80.76,72,62,6.06,broken clouds
683,Krasnoarmeyskiy,RU,47.0114,42.2072,44.65,93,100,8.72,overcast clouds
684,Djambala,CG,-2.5447,14.7533,65.91,94,92,2.98,overcast clouds
685,Deep River,CA,46.1001,-77.4995,18.55,85,18,4.29,few clouds
686,Agde,FR,43.3108,3.4758,42.66,75,75,12.66,broken clouds
687,Kununurra,AU,-15.7667,128.7333,98.58,28,6,10.36,clear sky
688,Walvis Bay,NA,-22.9575,14.5053,58.26,74,2,10.89,clear sky
689,Sobolevo,RU,54.4299,31.8996,35.49,90,100,12.86,overcast clouds
690,Sabha,LY,27.0377,14.4283,70.75,26,100,12.68,overcast clouds
691,San Raymundo,GT,14.7647,-90.5956,59.79,93,88,2.51,overcast clouds
692,Katobu,ID,-4.9408,122.5276,85.98,67,100,4.32,overcast clouds
693,Ariquemes,BR,-9.9133,-63.0408,74.08,96,98,3.33,overcast clouds
694,Beyneu,KZ,45.3167,55.2,31.19,52,75,12.19,broken clouds
